Front,Back,Example,Tag
so let's go and,"итак, давайте перейдём и",So let's go and download everything.,Discourse: Переход к новому шагу
let's go and execute,давайте перейдём и выполним,Let's go and execute it.,Discourse: Переход к новому шагу
now moving on to,теперь переходим к,Now moving on to the next level.,Discourse: Переход к новому шагу
so now let's go,"итак, теперь давайте",So now let's go and start it.,Discourse: Переход к новому шагу
let's start with the,давайте начнём с,Let's start with the first sales.,Discourse: Переход к новому шагу
as you can see,как видите,As you can see now we have the lowest score then the second lowest score until the last row.,Discourse: Демонстрация / показ примера
so as you can see,"итак, как видите",So as you can see we are now talking to our database and this is the simplest form of query in SQL.,Discourse: Демонстрация / показ примера
so for example,"итак, например",So for example for Maria she doesn't fulfill the condition because her score the 350 is not higher than 500.,Discourse: Демонстрация / показ примера
let's go and execute it,давайте выполним это,Let's go and execute it.,Discourse: Демонстрация / показ примера
so that means,"это значит, что",So that means all the visuals the presentation slides everything that I present during the course.,Discourse: Объяснение / переформулирование
so that means we,"это значит, мы",So that means we have a condition here.,Discourse: Объяснение / переформулирование
this is how,вот как,This is how they do it.,Discourse: Объяснение / переформулирование
so this is the,"итак, это",So this is the first family of commands.,Discourse: Объяснение / переформулирование
so this is how,"итак, вот как",So this is how SQL executes your order by.,Discourse: Объяснение / переформулирование
so that's it,вот и всё,So that's it and with that of course we have solved the task.,Discourse: Итог / завершение мысли
so that's why,именно поэтому,So that's why it's going to include it in the results.,Discourse: Итог / завершение мысли
those are the,это те,Those are the original customers.,Discourse: Итог / завершение мысли
we're going to,мы собираемся / сейчас будем,We're going to leave it as a database engine.,Discourse: План действия / намерение
it's going to be,это будет,It's going to be very interesting topic.,Discourse: План действия / намерение
so we're going to go,"итак, сейчас мы перейдём",So we're going to go and define the score here.,Discourse: План действия / намерение
so i'm going to,"итак, я собираюсь",So I'm going to break complex concept in SQL using hundreds of animated visuals.,Discourse: План действия / намерение
so if you go,"итак, если вы перейдёте",So if you go back to our files you can find a second SQL file the initql server sales db.sql.,Discourse: Условие
now if you check,"теперь, если вы проверите",Now if you check we have here Mary and as well over here we have Mary and same goes for given we have given over here and as well here.,Discourse: Условие
if you go and,если вы перейдёте и,If you go and run this query you will get exactly same results.,Discourse: Условие
in order to,для того чтобы,"In order to see the data right click for example of the customers and let's go with the option select top 1,000 rows.",Discourse: Цель / порядок действий
so in order to,"итак, чтобы","So in order to do that, let's go and click on install SS SMS.",Discourse: Цель / порядок действий
all right,хорошо / ладно,All right my friends I'm really excited about it.,Discourse: Обращение / неформальное вступление
all right my friends,"итак, друзья мои",All right my friends I'm really excited about it.,Discourse: Обращение / неформальное вступление
and now we have,и теперь у нас есть,And now we have to go to the option add.,Discourse: Добавление / продолжение мысли
and with that we,и с этим мы,And with that we have selected few columns from our table.,Discourse: Добавление / продолжение мысли
and of course,и конечно,"And of course if you want to go and practice using another database, it's totally fine.",Discourse: Добавление / продолжение мысли
so with that we have,"итак, с этим у нас есть",So with that we have the server we have the client.,Discourse: Добавление / продолжение мысли
like,как; нравится (в речи часто как слово-паразит),"So by the end of this course, you will be ready to solve any complex task like I do using SQL.",Vocabulary
order,в 'in order to' — для того чтобы,But my friends in return I really appreciate it if you support the channel in order to grow.,Vocabulary
use,использовать,I have industrial experience and I will be sharing with you everything that I know about SQL and how I use it in my real projects.,Vocabulary
using,используя,So I'm going to break complex concept in SQL using hundreds of animated visuals.,Vocabulary
start,начинать,Now after that we start with the intermediate phase where we're going to deep dive into topics like how to filter your data.,Vocabulary
example,пример,Now in this example each record represent one customer one person.,Vocabulary
check,проверять,"So if you check for any data related jobs, you will find that they going to ask for SQL skills.",Vocabulary
means,означает,So that means all the visuals the presentation slides everything that I present during the course.,Vocabulary
next,следующий,Now once we have everything then we can go to the next chapter.,Vocabulary
inside,внутри,So the first one is the subquery query inside another query and the very famous CTE common table expression.,Vocabulary
new,новый,How to create a new table add a new column remove column and as well how to drop a table.,Vocabulary
step,шаг,So now the next step is that we have to go and download the SQL Server Express and you can find the link as well over here.,Vocabulary
total,"итоговый, общий",Go and find the total spending in your data.,Vocabulary
last,последний,And the last project that you can do is the advanced data analytics project.,Vocabulary
find,находить,Go and find the total spending in your data.,Vocabulary
another,другой,So the first one is the subquery query inside another query and the very famous CTE common table expression.,Vocabulary
everything,всё,I have industrial experience and I will be sharing with you everything that I know about SQL and how I use it in my real projects.,Vocabulary
different,"другой, отличающийся",Why we have to learn it? what are databases and the different SQL commands that we have in SQL.,Vocabulary
understand,понимать,This makes it really easier to understand SQL and as well it is more fun than just sharing my screen and I just show you code.,Vocabulary
really,"действительно, реально",This makes it really easier to understand SQL and as well it is more fun than just sharing my screen and I just show you code.,Vocabulary
simple,простой,"Of course, they cannot go unused like simple files.",Vocabulary
create,создавать,How to create a new table add a new column remove column and as well how to drop a table.,Vocabulary
task,задача,"So by the end of this course, you will be ready to solve any complex task like I do using SQL.",Vocabulary
lot,много (a lot),So here there are a lot of techniques that you have to learn about SQL.,Vocabulary
call,называть; вызывать,We call it role level functions.,Vocabulary
exactly,"точно, именно",So we have to understand first what is exactly SQL?,Vocabulary
result,результат,So all what you have to do is to talk to the database to ask a question and the database can answer your question with a result.,Vocabulary
always,всегда,So the char always a fixed one.,Vocabulary
end,конец,"So by the end of this course, you will be ready to solve any complex task like I do using SQL.",Vocabulary
group,группа; группировать,So now instead of grouping the data by the rows this type of databases group the data into columns.,Vocabulary
main,"главный, основной",And this is very advanced database in order to handle huge amount of data where the main purpose is to search for data.,Vocabulary
add,добавлять,How to create a new table add a new column remove column and as well how to drop a table.,Vocabulary
important,важный,So this is very important.,Vocabulary
type,тип,Now we have another type of databases called key value.,Vocabulary
multiple,"множественный, несколько",So with that you learn how to combine multiple tables by combining the columns or the rows of your tables.,Vocabulary
something,что-то,"They need something bigger, stronger and smarter.",Vocabulary
whole,"весь, целый",Same thing you have to go and create a new query then paste the whole code and this database is about the sales DB.,Vocabulary
key,ключ; ключевой,Now we have another type of databases called key value.,Vocabulary
case,случай,Don't go blindly for each query applying distinct just in case there is duplicates.,Vocabulary
following,следующий,Imagine that someone asks the following question.,Vocabulary
anything,что-либо,So you don't have to pay for anything.,Vocabulary
side,сторона,"But now in the other side, if your data in database and you want to ask a question, it's going to be very easy.",Vocabulary
equal,равный,So let's have the following task and it says retrieve customers with a score not equal to zero.,Vocabulary
stuff,"вещи, всякое (разговорное)",So with that you are defining new stuff in the database and then the next chapter you have to learn about the data manipulation.,Vocabulary
happen,происходить,So once you execute it what's going to happen?,Vocabulary
put,"класть, помещать",So now go and put the downloaded folder somewhere safe and let's go inside it.,Vocabulary
year,год,"For example, here splitting the orders by the year.",Vocabulary
maybe,может быть,So maybe you have a database for the sales and another one for the HR.,Vocabulary
view,вид; представление,"And from my point of view, the left join is way more famous than the right join.",Vocabulary
left,левый; оставшийся,So the first option on the left side we have the developer edition.,Vocabulary
since,с тех пор как; так как,And now since we want all the columns we're going to write star and with that SQL going to understand I want to see everything.,Vocabulary
instead,вместо,"But instead of just dumping files into folders, the database organized the data.",Vocabulary
whether,ли (в косвенных вопросах),SQL going to check each row whether it meets this condition or not.,Vocabulary
big,большой,So now the big question is how they handle the data how they store it.,Vocabulary
usually,обычно,Now I'm going to show you how it looks like usually in companies.,Vocabulary
part,часть,So if you bring a column either it should be in the aggregation or it should be part of the group I.,Vocabulary
highest,самый высокий,So for example you say ascending from the lowest to the highest.,Vocabulary
called,называемый,Now we have another type of databases called key value.,Vocabulary
many,много (с исчисляемыми),I make as well post about data and many other projects.,Vocabulary
done,"сделано, готово",And now we are not done yet.,Vocabulary
change,менять; изменение,Now about the syntax we're going to go and change a little thing.,Vocabulary
nice,"хороший, приятный",The data warehouse it is like really nice one in order to do data analyzes and stuff.,Vocabulary
write,писать,So here you have to learn how to write correct prompts to get assistance from AI as you are using SQL.,Vocabulary
might,может (возможность),So now you might ask why we are using database.,Vocabulary
moving,"переходя, двигаясь",Now moving on in our course.,Vocabulary
show,показывать,This makes it really easier to understand SQL and as well it is more fun than just sharing my screen and I just show you code.,Vocabulary
give,давать,"Now what I usually do, I go and select them and give it then a push using a tab.",Vocabulary
friends,друзья (обращение),But my friends in return I really appreciate it if you support the channel in order to grow.,Vocabulary
saying,говоря,There is no right and wrong but if you follow me through the course I think you will start saying SQL.,Vocabulary
way,"способ, путь",So this process is very easy simple and fast and this is way better than having your data stored in different files.,Vocabulary
zero,ноль,The score is zero and not fulfilling the condition.,Vocabulary
day,день,So in the day number one we have two customers one and two.,Vocabulary
cannot,не могу/не может,"Of course, they cannot go unused like simple files.",Vocabulary
details,детали,Retrieve a list of all orders along with the related customer product and employee details.,Vocabulary
still,всё ещё,So those are my top three reasons why SQL is still relevant and why you have to learn it.,Vocabulary
specify,"указывать, задавать",So with the select we select the columns that we want and the from you specify the table where your data come from.,Vocabulary
types,типы,So those are the different types of databases.,Vocabulary
filter,фильтровать,Now after that we start with the intermediate phase where we're going to deep dive into topics like how to filter your data.,Vocabulary
build,"строить, создавать",So all the operators that you can use in order to build a condition in order to filter your data.,Vocabulary
used,использованный; привычный (used to),It is widely used.,Vocabulary
remove,удалять,How to create a new table add a new column remove column and as well how to drop a table.,Vocabulary
level,уровень,We call it role level functions.,Vocabulary
together,вместе,And now let's say that I would like to filter the rows together with the columns.,Vocabulary
without,без,So if your columns contains only numbers you can write it without single quotes.,Vocabulary
format,формат,Now another thing that we can do is we can go and change the date format.,Vocabulary
sure,уверенный; конечно,"And I'm sure you have heard about like the Microsoft SQL server, the MySQL, the possesses they are SQL relational database.",Vocabulary
back,назад,"And if the time goes back, are you going to learn SQL again?",Vocabulary
comes,приходит,And here where the database comes in.,Vocabulary
top,"верхний, топ",And here are the top three reasons that I have.,Vocabulary
working,"работающий, работая",So everything is working.,Vocabulary
compare,сравнивать,So if you compare now create table with a drop table you can see destroying things is way easier than building it.,Vocabulary
third,третий,Now moving on to the third one we have the scripts.,Vocabulary
correct,правильный,So here you have to learn how to write correct prompts to get assistance from AI as you are using SQL.,Vocabulary
sort,сортировать; вид,Next we're going to talk about how to sort your data using the order by.,Vocabulary
full,полный,"We can do an inner join, full join, left join, right join.",Vocabulary
previous,предыдущий,So again like the previous example we are finding the total score by country.,Vocabulary
keep,"держать, продолжать",So I just want to keep the first name and the country and not interested to see the scores and the ids.,Vocabulary
higher,выше,So let's say that the condition should be higher than 500.,Vocabulary
must,должен,"Now in order for this application to move the data inside our new table, it must use the SQL command insert.",Vocabulary
error,ошибка,So once we executed you will see we will not get any error.,Vocabulary
count,считать; количество,Now what you can do you can go over here and add another aggregate function called the count.,Vocabulary
matching,совпадающий,So this must be matching.,Vocabulary
already,уже,There is no need to smash and combine anything because it's already one value.,Vocabulary
work,работать; работа,"And if you want to work on the company in the data field and you want to talk to their data, then you have to use SQL.",Vocabulary
try,пробовать,And now let's go back to scale and try to change something.,Vocabulary
question,вопрос,"Now, of course, the first question is what makes this course so special.",Vocabulary
ask,спрашивать,So now you might ask why we are using database.,Vocabulary
writing,"написание, письмо",So during the course we will be writing a lot of SQL codes and all those codes are here available.,Vocabulary
specific,конкретный,I want to be more specific.,Vocabulary
